{"assets/images/buagame/blank.png":["assets/images/buagame/blank.png"],"assets/images/buagame/crab.png":["assets/images/buagame/crab.png"],"assets/images/buagame/fish.png":["assets/images/buagame/fish.png"],"assets/images/buagame/gourd.png":["assets/images/buagame/gourd.png"],"assets/images/buagame/prawn.png":["assets/images/buagame/prawn.png"],"assets/images/buagame/rooster.png":["assets/images/buagame/rooster.png"],"assets/images/buagame/tiger.png":["assets/images/buagame/tiger.png"],"assets/images/common/blankdice.png":["assets/images/common/blankdice.png"],"assets/images/common/dice1.png":["assets/images/common/dice1.png"],"assets/images/common/dice2.png":["assets/images/common/dice2.png"],"assets/images/common/dice3.png":["assets/images/common/dice3.png"],"assets/images/common/dice4.png":["assets/images/common/dice4.png"],"assets/images/common/dice5.png":["assets/images/common/dice5.png"],"assets/images/common/dice6.png":["assets/images/common/dice6.png"],"assets/images/playeravatars/blankPlayer.jpg":["assets/images/playeravatars/blankPlayer.jpg"],"assets/images/playeravatars/female01.png":["assets/images/playeravatars/female01.png"],"assets/images/playeravatars/female02.png":["assets/images/playeravatars/female02.png"],"assets/images/playeravatars/female03.png":["assets/images/playeravatars/female03.png"],"assets/images/playeravatars/female04.png":["assets/images/playeravatars/female04.png"],"assets/images/playeravatars/female05.png":["assets/images/playeravatars/female05.png"],"assets/images/playeravatars/female06.png":["assets/images/playeravatars/female06.png"],"assets/images/playeravatars/female07.png":["assets/images/playeravatars/female07.png"],"assets/images/playeravatars/female08.png":["assets/images/playeravatars/female08.png"],"assets/images/playeravatars/female09.png":["assets/images/playeravatars/female09.png"],"assets/images/playeravatars/female10.png":["assets/images/playeravatars/female10.png"],"assets/images/playeravatars/female11.png":["assets/images/playeravatars/female11.png"],"assets/images/playeravatars/female12.png":["assets/images/playeravatars/female12.png"],"assets/images/playeravatars/male01.png":["assets/images/playeravatars/male01.png"],"assets/images/playeravatars/male02.png":["assets/images/playeravatars/male02.png"],"assets/images/playeravatars/male03.png":["assets/images/playeravatars/male03.png"],"assets/images/playeravatars/male04.png":["assets/images/playeravatars/male04.png"],"assets/images/playeravatars/male05.png":["assets/images/playeravatars/male05.png"],"assets/images/playeravatars/male06.png":["assets/images/playeravatars/male06.png"],"assets/images/playeravatars/male07.png":["assets/images/playeravatars/male07.png"],"assets/images/playeravatars/male08.png":["assets/images/playeravatars/male08.png"],"assets/images/playeravatars/male09.png":["assets/images/playeravatars/male09.png"],"assets/images/playeravatars/male10.png":["assets/images/playeravatars/male10.png"],"assets/images/playeravatars/male11.png":["assets/images/playeravatars/male11.png"],"assets/images/playeravatars/male12.png":["assets/images/playeravatars/male12.png"],"assets/images/racegame/blankRacer.png":["assets/images/racegame/blankRacer.png"],"assets/images/racegame/bull.gif":["assets/images/racegame/bull.gif"],"assets/images/racegame/bunny.gif":["assets/images/racegame/bunny.gif"],"assets/images/racegame/elephant.gif":["assets/images/racegame/elephant.gif"],"assets/images/racegame/frog.gif":["assets/images/racegame/frog.gif"],"assets/images/racegame/horse.gif":["assets/images/racegame/horse.gif"],"assets/images/racegame/monkey.gif":["assets/images/racegame/monkey.gif"],"assets/images/racegame/ostrich.gif":["assets/images/racegame/ostrich.gif"],"assets/images/racegame/sheep.gif":["assets/images/racegame/sheep.gif"],"assets/images/racegame/tiger.gif":["assets/images/racegame/tiger.gif"],"assets/images/racegame/turtle.gif":["assets/images/racegame/turtle.gif"],"packages/cupertino_icons/assets/CupertinoIcons.ttf":["packages/cupertino_icons/assets/CupertinoIcons.ttf"]}