{"assets/images/buagame/crab.png":["assets/images/buagame/crab.png"],"assets/images/buagame/fish.png":["assets/images/buagame/fish.png"],"assets/images/buagame/gourd.png":["assets/images/buagame/gourd.png"],"assets/images/buagame/prawn.png":["assets/images/buagame/prawn.png"],"assets/images/buagame/rooster.png":["assets/images/buagame/rooster.png"],"assets/images/buagame/tiger.png":["assets/images/buagame/tiger.png"],"assets/images/common/dice1.png":["assets/images/common/dice1.png"],"assets/images/common/dice2.png":["assets/images/common/dice2.png"],"assets/images/common/dice3.png":["assets/images/common/dice3.png"],"assets/images/common/dice4.png":["assets/images/common/dice4.png"],"assets/images/common/dice5.png":["assets/images/common/dice5.png"],"assets/images/common/dice6.png":["assets/images/common/dice6.png"],"assets/images/playeravatars/blankPlayer.jpg":["assets/images/playeravatars/blankPlayer.jpg"],"assets/images/playeravatars/girl01.PNG":["assets/images/playeravatars/girl01.PNG"],"assets/images/playeravatars/girl02.PNG":["assets/images/playeravatars/girl02.PNG"],"assets/images/playeravatars/girl03.PNG":["assets/images/playeravatars/girl03.PNG"],"assets/images/playeravatars/girl04.jpg":["assets/images/playeravatars/girl04.jpg"],"assets/images/racegame/bull.gif":["assets/images/racegame/bull.gif"],"assets/images/racegame/bunny.gif":["assets/images/racegame/bunny.gif"],"assets/images/racegame/elephant.gif":["assets/images/racegame/elephant.gif"],"assets/images/racegame/frog.gif":["assets/images/racegame/frog.gif"],"assets/images/racegame/horse.gif":["assets/images/racegame/horse.gif"],"assets/images/racegame/monkey.gif":["assets/images/racegame/monkey.gif"],"assets/images/racegame/ostrich.gif":["assets/images/racegame/ostrich.gif"],"assets/images/racegame/sheep.gif":["assets/images/racegame/sheep.gif"],"assets/images/racegame/tiger.gif":["assets/images/racegame/tiger.gif"],"assets/images/racegame/turtle.gif":["assets/images/racegame/turtle.gif"],"packages/cupertino_icons/assets/CupertinoIcons.ttf":["packages/cupertino_icons/assets/CupertinoIcons.ttf"]}